Actual,Predicted,Residual
282884,260009.3909413421,22874.609058657894
140978,124280.59975622199,16697.400243778015
89113,103523.96029067675,-14410.960290676754
71190,60855.43609882402,10334.563901175978
145131,144542.21864291583,588.7813570841681
391068,376030.962278118,15037.037721881992
448125,614697.016610509,-166572.01661050902
178350,173611.35728169995,4738.642718300049
321686,312559.64685885963,9126.353141140367
386054,485090.4675453024,-99036.46754530241
169723,150500.81542121005,19222.18457878995
428652,387151.51565906516,41500.48434093484
384338,589151.7764554493,-204813.7764554493
369938,511777.7926316578,-141839.7926316578
150542,159775.03056058922,-9233.03056058922
163510,196379.40456661623,-32869.40456661623
1076269,806052.6799566081,270216.3200433919
163121,195158.24137756223,-32037.241377562226
321775,296300.4330181109,25474.566981889075
131718,143017.94354769657,-11299.943547696574
380630,487793.9311211698,-107163.93112116982
165049,202842.7302288274,-37793.73022882739
243926,276657.96508484695,-32731.965084846946
793876,635525.2278293812,158350.77217061876
140002,141164.13487431087,-1162.1348743108683
286604,336511.8108793919,-49907.81087939191
341732,394590.87276718434,-52858.87276718434
183701,150736.12172545152,32964.87827454848
118927,145596.0282367664,-26669.028236766404
142822,132864.8437749619,9957.15622503811
277965,315176.8012968058,-37211.80129680579
77823,62859.13712747643,14963.862872523569
167104,172968.2787822715,-5864.278782271489
572155,502043.85700339597,70111.14299660403
165648,172798.7460739588,-7150.746073958813
99116,81759.36444476403,17356.635555235975
185443,153436.18183069752,32006.81816930248
355863,480722.44852244755,-124859.44852244755
416609,415084.89431754214,1524.1056824578554
217874,200730.98090559122,17143.01909440878
117094,146057.78723408337,-28963.78723408337
109032,122582.82727467558,-13550.827274675583
643197,571706.8397116684,71490.16028833156
78166,88645.47499318169,-10479.474993181691
194792,222691.63789376567,-27899.63789376567
91286,84015.15214631161,7270.847853688392
151733,134921.70486692546,16811.29513307454
376271,401121.356636154,-24850.356636154
109603,134511.0423580829,-24908.042358082894
229831,206201.9130220895,23629.086977910512
220880,202343.50877679905,18536.491223200952
167373,155460.17033957274,11912.829660427262
256881,234005.5079612338,22875.492038766213
263654,329127.0189946785,-65473.01899467851
174754,194932.17784008308,-20178.17784008308
223768,241183.5568470558,-17415.556847055792
197098,207612.87244888162,-10514.872448881622
287633,331656.503521141,-44023.503521141014
337422,278530.79054723546,58891.20945276454
179349,158328.1134089359,21020.886591064103
203302,261332.273298197,-58030.27329819699
197027,184300.05847602218,12726.941523977817
278796,301455.5310912894,-22659.53109128942
328153,350794.6215064834,-22641.62150648341
118517,126797.14171593,-8280.141715930004
287116,268152.2300621797,18963.769937820325
294022,322677.3818364016,-28655.38183640159
442222,348976.50306300924,93245.49693699076
201303,229140.57590448388,-27837.575904483878
101479,87285.27371702153,14193.726282978474
671278,584306.3160923137,86971.68390768627
208249,252920.51364965737,-44671.51364965737
194569,189924.6175493827,4644.382450617297
207120,188222.6020449521,18897.397955047898
414215,333880.58863393497,80334.41136606503
376423,340214.8957925135,36208.104207486496
222564,231987.88011178432,-9423.880111784325
75729,85560.894828249,-9831.894828249002
301960,356387.28108274547,-54427.28108274547
395041,447955.80902316864,-52914.80902316864
202765,252873.32496477396,-50108.32496477396
110341,112875.37191342149,-2534.3719134214916
160335,173566.66311705663,-13231.663117056625
117431,114669.41642952454,2761.5835704754572
156147,182439.51003243917,-26292.510032439168
83051,87505.42730964388,-4454.427309643885
130186,142831.4681425183,-12645.468142518308
186332,198481.01859976552,-12149.01859976552
164868,154041.71006255748,10826.289937442518
295124,305025.94789612736,-9901.947896127356
55791,64760.48925575717,-8969.489255757173
178321,148615.2851217796,29705.714878220402
426509,248236.66638915375,178272.33361084625
126110,122107.96238903196,4002.0376109680365
112766,120701.81037716847,-7935.810377168469
173889,179827.4327649513,-5938.432764951314
282770,339406.89140609547,-56636.89140609547
190781,207551.10549980195,-16770.105499801954
452540,422449.64571723697,30090.35428276303
288216,308323.7362035332,-20107.73620353319
421044,342597.17483338446,78446.82516661554
143263,199332.22958030712,-56069.22958030712
398977,373963.9563712158,25013.043628784188
83391,80712.87730053833,2678.1226994616736
196069,184950.6010629645,11118.398937035498
140636,153600.5129885788,-12964.51298857879
344362,292044.1925243838,52317.807475616224
250295,268850.4960214622,-18555.496021462197
229876,246600.58603327014,-16724.58603327014
321888,298314.2155366823,23573.784463317716
328001,305055.2014286439,22945.798571356107
357663,304392.58052738535,53270.41947261465
245908,240684.23112843258,5223.768871567416
189142,182563.7383705822,6578.261629417801
387008,315011.46170984115,71996.53829015885
343517,409526.5915620242,-66009.5915620242
503088,420875.51149102725,82212.48850897275
91528,103568.25680341682,-12040.256803416822
194286,202774.29906116368,-8488.299061163678
109585,111714.31738599598,-2129.317385995979
122291,134590.33081771844,-12299.330817718437
218414,196906.80266531068,21507.19733468932
189195,205081.9513940255,-15886.951394025498
143244,159217.6193310137,-15973.619331013702
420722,569383.6414585202,-148661.6414585202
117269,129874.09066075656,-12605.090660756556
246015,289600.055398526,-43585.05539852602
242909,227048.82585583025,15860.174144169752
436119,482927.61723729037,-46808.61723729037
304590,275509.32954864146,29080.670451358543
369304,487793.9311211698,-118489.93112116982
458651,317234.4082919882,141416.5917080118
157816,168511.53056805814,-10695.530568058137
79748,87312.89888747672,-7564.898887476724
133680,134847.2310003087,-1167.231000308704
209413,169645.00338869882,39767.996611301176
244829,186661.75496696588,58167.24503303412
301102,313947.63921292766,-12845.639212927665
296721,315064.72168460104,-18343.72168460104
320935,322970.61563205894,-2035.6156320589362
360420,265681.5870417105,94738.4129582895
291827,346722.17650211375,-54895.176502113754
204123,228729.21127092038,-24606.21127092038
346459,358078.1110186124,-11619.111018612399
175952,192168.33206421006,-16216.332064210059
81019,84608.70162871918,-3589.70162871918
155594,130335.85993323007,25258.140066769934
235355,274847.3903705137,-39492.39037051372
243610,296239.9311517743,-52629.931151774304
176021,184437.13971127523,-8416.139711275231
544290,659205.9464093309,-114915.94640933094
110041,118960.59131142189,-8919.591311421886
299040,258699.5975301296,40340.4024698704
314230,391025.44340313645,-76795.44340313645
113695,116460.97826961752,-2765.9782696175243
183998,194116.9901158405,-10118.990115840512
88534,97037.35663334143,-8503.356633341435
184551,170452.94678543176,14098.053214568237
222712,193371.767658916,29340.23234108399
344864,296105.14678630186,48758.85321369814
428349,510223.043178415,-81874.04317841498
425726,552145.379260084,-126419.37926008401
272657,250781.9822680571,21875.017731942906
260433,267578.7589768217,-7145.758976821671
210630,253563.4689018634,-42933.46890186341
614318,653130.7329871757,-38812.732987175696
241692,269756.4323319218,-28064.432331921824
236707,262556.22323698876,-25849.223236988764
156443,155133.2722762238,1309.7277237761882
259210,251711.46336399612,7498.536636003875
230624,259629.5185087934,-29005.518508793408
406480,310512.8708036853,95967.12919631472
230626,260590.01707951873,-29964.01707951873
128050,153180.28463946065,-25130.284639460646
457990,359231.40570241254,98758.59429758746
234145,278458.51954388584,-44313.519543885835
272067,245412.07424148428,26654.925758515717
367732,356046.4276027365,11685.572397263488
516333,469711.8978426446,46621.1021573554
359081,387573.21891817375,-28492.21891817375
85853,78753.1450435483,7099.854956451702
325260,321095.1601207159,4164.839879284089
161826,189189.46212848029,-27363.462128480285
369322,288282.9121276365,81039.08787236351
90124,82288.30438064705,7835.695619352948
916879,847719.4121142786,69159.58788572135
129648,96830.41988542232,32817.58011457768
208206,217268.3101162251,-9062.310116225097
56990,61637.40700477497,-4647.40700477497
146990,182398.58437121537,-35408.58437121537
49558,52092.04985215578,-2534.049852155782
277413,225725.18892233103,51687.81107766897
105379,132541.52990002796,-27162.529900027963
421542,284678.79063442675,136863.20936557325
278862,368958.9121278521,-90096.91212785209
314165,321028.7416280038,-6863.741628003772
286477,259438.6203884111,27038.379611588898
284100,219665.0438426364,64434.9561573636
77849,74291.40134039204,3557.59865960796
278685,276855.1169095562,1829.8830904437928
84675,104782.2238522589,-20107.223852258903
304123,325158.9960086086,-21035.996008608607
202725,195831.56434186766,6893.435658132337
222803,208144.64803072807,14658.351969271927
156866,172031.9135390953,-15165.913539095287
302279,298627.6136240084,3651.3863759916276
243341,269226.2538644634,-25885.25386446342
198257,211786.8325023072,-13529.832502307196
158665,123955.38857389249,34709.61142610751
188896,192285.5097970739,-3389.5097970739007
54529,60802.57379981251,-6273.573799812511
317407,292857.3189376815,24549.6810623185
380402,458238.26634908596,-77836.26634908596
418276,441618.82405896595,-23342.824058965954
110666,122877.36154737114,-12211.36154737114
78054,86050.2823738627,-7996.282373862705
252032,305093.43999459606,-53061.43999459606
305371,263747.1521391591,41623.847860840906
336428,264913.1938554948,71514.80614450522
270127,356844.24147675006,-86717.24147675006
188546,156162.9968660245,32383.003133975493
202459,235997.05420242742,-33538.05420242742
227374,284742.09043273947,-57368.09043273947
150631,130019.51152687025,20611.48847312975
610849,851475.1900505817,-240626.1900505817
276487,293383.08496441983,-16896.08496441983
200231,189833.76227152778,10397.237728472217
105192,108822.27755394448,-3630.2775539444847
297019,308972.1493469079,-11953.149346907914
121197,120358.77186990411,838.2281300958857
153109,139795.92397487487,13313.076025125134
124118,131324.6209443942,-7206.620944394206
197676,207035.8217828027,-9359.821782802697
429651,487129.64260570606,-57478.64260570606
330687,307783.24966077943,22903.75033922057
460373,304819.72746761754,155553.27253238246
572643,631451.53067161,-58808.53067161003
320068,274396.17865985306,45671.82134014694
300129,246872.9684083572,53256.03159164279
223244,218727.6807966878,4516.319203312189
77929,88558.74371678529,-10629.743716785291
111689,120411.00752976823,-8722.007529768234
147944,168331.71286901465,-20387.71286901465
141911,158357.99909002855,-16446.99909002855
86922,101572.95207878732,-14650.952078787319
100570,125399.66137808717,-24829.66137808717
86376,97557.98488085302,-11181.984880853022
159037,172536.4637153452,-13499.463715345191
731918,632489.8016029266,99428.19839707343
154039,161120.87601686968,-7081.876016869675
306933,328193.767724536,-21260.76772453601
215885,261658.6005515397,-45773.60055153971
133236,166270.7386568092,-33034.738656809204
209499,202319.08571275612,7179.914287243882
78054,85805.44978231349,-7751.449782313488
250262,220088.13139795657,30173.868602043425
237088,179187.6245360675,57900.37546393249
124270,137869.08932710267,-13599.089327102673
250243,312242.3000386862,-61999.3000386862
266498,354579.3484314282,-88081.3484314282
49406,50348.98728101174,-942.9872810117377
166225,180599.07371785006,-14374.073717850057
380127,314025.9538619503,66101.04613804969
87882,82039.85543528873,5842.1445647112705
303639,259403.32840227758,44235.67159772242
316013,316059.3015651557,-46.30156515567796
374366,296336.5289828717,78029.47101712832
173499,220083.89116045454,-46584.89116045454
556618,628171.522364481,-71553.522364481
572324,445497.9973890725,126826.0026109275
283528,264382.64429927396,19145.35570072604
285461,256265.43488037368,29195.56511962632
347678,337051.96048458066,10626.03951541934
114826,110575.84122599433,4250.158774005671
92250,92608.54320247352,-358.54320247352007
283500,326350.48431442055,-42850.48431442055
331957,312595.1620435453,19361.83795645472
204458,217383.8775726124,-12925.8775726124
123627,137350.27767963405,-13723.277679634048
286697,256503.8698508537,30193.13014914631
215567,227728.37884285848,-12161.378842858481
211369,189593.3209017564,21775.679098243592
241982,311801.4263622634,-69819.42636226339
229306,210439.987530913,18866.012469087
204073,189518.3367945091,14554.663205490913
133337,143264.84798120157,-9927.847981201572
60735,71260.3689029344,-10525.368902934395
105222,105925.37780389123,-703.3778038912278
59786,68141.44644860116,-8355.446448601157
284106,301687.58572026796,-17581.58572026796
124128,115370.20621887055,8757.793781129454
213779,266205.4568046687,-52426.456804668705
241232,235909.80198761675,5322.198012383247
912643,1056612.9503711795,-143969.9503711795
140451,137175.8828111768,3275.1171888232057
119725,105680.46847289598,14044.531527104016
81508,77185.5505866738,4322.449413326205
276323,261730.4682914919,14592.53170850809
692730,791847.3650928248,-99117.3650928248
132961,208370.59848284567,-75409.59848284567
319318,325558.4726664581,-6240.47266645811
100456,115087.61644130794,-14631.616441307939
766136,875519.2665470812,-109383.26654708118
296617,284476.24265081517,12140.75734918483
599726,348360.0225682956,251365.9774317044
162347,177500.07934257353,-15153.079342573532
418009,356682.071670911,61326.928329089016
379834,315790.4927592915,64043.50724070851
274586,323066.5431293349,-48480.543129334925
224981,254676.07845167062,-29695.07845167062
88957,79285.75801688152,9671.241983118482
208743,214057.24257709694,-5314.242577096942
232461,270730.13285588415,-38269.13285588415
264935,233287.0971407276,31647.902859272406
55214,60395.250082943836,-5181.250082943836
685838,857335.8922175487,-171497.89221754868
62811,74431.67045723001,-11620.670457230008
378518,403421.95371911774,-24903.953719117737
368834,312116.27214524715,56717.727854752855
135413,148487.6194008384,-13074.61940083839
72169,77907.34216867259,-5738.342168672592
267968,263905.2888446115,4062.7111553885043
162526,177474.84407733008,-14948.844077330083
150750,128272.33556351511,22477.66443648489
254773,295259.7569951205,-40486.75699512049
172460,178656.2621685206,-6196.262168520596
608725,458042.4933837404,150682.50661625958
472783,434563.02839490445,38219.97160509555
267664,321870.45725788455,-54206.457257884555
409344,385644.62127063645,23699.378729363554
145978,158412.61328616488,-12434.61328616488
244178,280449.9414031129,-36271.9414031129
159074,148251.09870911585,10822.901290884154
369151,371443.0175676511,-2292.0175676511135
275453,343847.99836574815,-68394.99836574815
95977,92985.92626806645,2991.073731933546
614094,600904.6265674876,13189.373432512395
87480,91939.4771350414,-4459.477135041394
684919,660911.0426616389,24007.95733836107
195834,225236.09518907868,-29402.095189078682
357735,315741.2152727505,41993.78472724953
112090,94868.76694316238,17221.23305683762
375471,346772.7149328552,28698.28506714478
299630,227697.6562089167,71932.34379108329
219705,220513.11574400708,-808.115744007082
136971,138673.5872354113,-1702.587235411309
224143,190061.70417535308,34081.29582464692
245771,200479.78271853566,45291.21728146434
296637,246004.1401204402,50632.85987955981
203149,283457.6450572947,-80308.64505729469
390788,339265.80442761513,51522.195572384866
304344,330357.8021248944,-26013.8021248944
455992,419512.3298323509,36479.67016764911
459226,531179.9028304769,-71953.90283047687
280479,282362.69626676093,-1883.6962667609332
240830,249021.63345597644,-8191.633455976436
204775,216231.99484925167,-11456.99484925167
319272,241963.26643936126,77308.73356063874
286873,431237.77119898354,-144364.77119898354
326159,295428.0136174442,30730.9863825558
379754,337430.5344416606,42323.465558339376
255266,224563.01733665162,30702.982663348375
124440,119723.07444371433,4716.925556285671
330866,324110.25672145997,6755.743278540031
193065,223576.6891892148,-30511.689189214812
431429,511377.9090223458,-79948.90902234579
356278,440039.6162814468,-83761.61628144683
334629,302577.4190737998,32051.5809262002
367582,333385.6701878653,34196.329812134674
166581,185120.11665846122,-18539.116658461222
381972,467772.7720773882,-85800.77207738819
258943,261837.87859078232,-2894.8785907823185
92377,94371.3838096237,-1994.3838096237014
281734,452986.24907393,-171252.24907393003
158028,157302.8084734049,725.1915265950956
152700,131658.0474772032,21041.95252279681
293993,385693.10145667737,-91700.10145667737
356255,345369.70596962294,10885.29403037706
390204,305789.1755405684,84414.82445943158
179898,159489.61728350254,20408.382716497465
669459,478604.9900918631,190854.0099081369
159804,198216.19486770697,-38412.194867706974
285079,320129.7411884492,-35050.7411884492
187309,202048.29307606633,-14739.29307606633
237686,329190.50383284665,-91504.50383284665
730222,684765.4587041988,45456.54129580117
178540,210507.63308329988,-31967.63308329988
983126,1022998.299443013,-39872.299443013035
137912,160462.88058605322,-22550.880586053216
46733,48862.42589781665,-2129.425897816647
206006,218635.2465568405,-12629.246556840488
285814,266964.1969102939,18849.80308970611
372001,332418.51877374906,39582.48122625094
139682,143548.12408179612,-3866.1240817961225
204739,196145.89851603223,8593.101483967766
80385,84843.08475026538,-4458.084750265378
373922,427007.7379564917,-53085.73795649171
281810,307136.5495012119,-25326.549501211906
167294,126854.15099528705,40439.849004712945
548308,382220.8839889926,166087.1160110074
163319,174817.482871633,-11498.482871632994
77524,69015.2686211954,8508.731378804601
165557,183338.42370686907,-17781.42370686907
555992,447981.3243720961,108010.6756279039
137027,145379.54198218448,-8352.541982184484
1018191,855632.6876050618,162558.3123949382
99919,90682.47999258559,9236.520007414409
210594,181687.7549642295,28906.245035770495
227418,211599.52855795162,15818.47144204838
403138,356881.6667989288,46256.33320107119
387287,433959.8481707032,-46672.84817070322
190232,188276.13287006132,1955.867129938677
234681,236477.14782978184,-1796.1478297818394
670119,525976.8154465406,144142.1845534594
185158,172836.0235888644,12321.976411135605
369712,310199.8326862804,59512.167313719576
1041134,660581.0658420533,380552.9341579467
103516,85172.81560880905,18343.184391190953
111750,137842.5064060898,-26092.506406089786
675180,496933.614484135,178246.385515865
83925,94569.87331283078,-10644.87331283078
285562,374680.8666682699,-89118.86666826991
152210,146311.133203862,5898.866796137998
326243,432727.71865443955,-106484.71865443955
268120,281692.1777400342,-13572.177740034182
264915,321190.51797342737,-56275.51797342737
249866,342951.98281126225,-93085.98281126225
120800,112699.12720610449,8100.872793895513
230215,238119.3273195117,-7904.327319511707
240087,195507.9177463244,44579.08225367559
83960,81687.48587679816,2272.514123201836
451222,408362.7717004266,42859.22829957341
122942,102107.99900897016,20834.00099102984
207798,219704.62120754915,-11906.62120754915
115326,155457.76121211983,-40131.76121211983
97463,93887.42243598205,3575.577564017949
171855,161753.65950810674,10101.340491893265
244285,231690.3938844922,12594.606115507806
81400,86207.84031865397,-4807.840318653965
257927,227495.98391366,30431.01608634001
334135,292452.71762333426,41682.28237666574
474862,529114.7564552957,-54252.75645529572
307085,286807.6838818523,20277.31611814769
304533,261880.462915383,42652.53708461701
177506,191691.63688165692,-14185.636881656916
79222,83398.39066171835,-4176.390661718353
111616,132992.76666878726,-21376.766668787255
269310,311802.23274860193,-42492.232748601935
121692,142911.2298449504,-21219.2298449504
194865,226353.64811661773,-31488.648116617725
147646,141988.4286358747,5657.571364125295
220893,228468.77582382644,-7575.775823826436
146233,141518.33472808017,4714.665271919832
187232,214373.0544283682,-27141.054428368196
446839,474509.0912679638,-27670.091267963813
133211,131513.6422081286,1697.3577918714145
189029,164802.75105902387,24226.248940976133
70442,76825.8868516385,-6383.886851638497
283961,367928.43419839547,-83967.43419839547
199279,164027.18145112993,35251.81854887007
135614,188282.43417518676,-52668.43417518676
362216,380248.0644387596,-18032.064438759582
319431,278416.7038937136,41014.296106286405
382637,318569.3777979876,64067.6222020124
132220,138851.7646331502,-6631.764633150189
206203,179672.7146021436,26530.28539785641
453274,361169.437380817,92104.56261918298
343871,290573.64904469525,53297.35095530475
449698,554634.9341156442,-104936.9341156442
516295,652577.685507595,-136282.68550759496
76698,77040.48313278709,-342.4831327870925
185493,210910.36616904818,-25417.366169048182
138278,165761.20417999747,-27483.20417999747
82786,85621.7508591036,-2835.750859103602
473451,459756.27613577107,13694.72386422893
254846,342733.32739632495,-87887.32739632495
212985,246843.0574217063,-33858.0574217063
310609,361670.16239384864,-51061.162393848645
314802,278980.8963888154,35821.103611184575
117229,105880.52730677678,11348.472693223215
309615,362962.073698817,-53347.073698816996
104071,92848.63722827271,11222.36277172729
216958,252352.31140540514,-35394.31140540514
189908,178586.8457838315,11321.154216168507
225874,176777.71961781173,49096.28038218827
567292,528088.0887829759,39203.911217024084
380585,380491.97800128855,93.02199871145422
316123,268209.8176620256,47913.18233797437
345421,403413.6069682449,-57992.60696824489
481709,462503.8350410666,19205.164958933427
198033,200522.05352093003,-2489.0535209300288
155744,166711.601431686,-10967.601431685995
474785,532598.5836319604,-57813.58363196044
233296,223126.5155504406,10169.484449559386
465566,511377.9090223458,-45811.90902234579
290407,311508.912552374,-21101.912552374008
112355,128287.62899282678,-15932.62899282678
93184,87993.47010502664,5190.529894973355
166756,179540.85988848808,-12784.859888488078
206037,246101.9757928523,-40064.97579285229
159745,176746.81715236066,-17001.817152360658
435311,545161.1969458844,-109850.19694588438
366422,331732.27615159185,34689.723848408146
601338,502899.9175751064,98438.08242489363
220750,194340.99497756318,26409.005022436817
157447,169557.45381708533,-12110.453817085334
279366,322850.1807700792,-43484.1807700792
249689,274023.4296194868,-24334.429619486793
76594,67455.72722508549,9138.272774914512
67140,71548.98206346236,-4408.982063462361
168269,162820.77931498105,5448.220685018954
237606,213911.62780176837,23694.372198231635
385751,421439.8902274061,-35688.89022740611
331404,293862.55277768837,37541.44722231163
99289,113611.59670265319,-14322.596702653187
70568,59668.66415157143,10899.33584842857
291594,308025.4095737186,-16431.409573718614
326229,304789.25338655704,21439.746613442956
329863,284848.2617686757,45014.7382313243
249805,307328.6258518874,-57523.625851887395
204608,205405.2296381293,-797.2296381292981
108113,115072.23236053114,-6959.232360531139
738259,486074.74664877,252184.25335123
252716,246777.17052846352,5938.8294715364755
700662,527139.709784473,173522.29021552706
89557,95519.7240882023,-5962.724088202303
178508,177891.74645569298,616.2535443070228
230586,257201.40040717158,-26615.400407171575
66045,73337.73688848161,-7292.73688848161
255491,297307.79067753983,-41816.79067753983
70383,81784.488107639,-11401.488107639001
318036,303798.2957633886,14237.704236611375
472507,352278.81251218263,120228.18748781737
891741,658347.250239709,233393.74976029096
157210,151435.88292163226,5774.117078367737
95485,92953.29523783033,2531.7047621696693
310120,317793.03091208375,-7673.030912083748
617111,651524.7455614755,-34413.745561475516
111465,103763.02188880209,7701.97811119791
69732,69296.23569619941,435.76430380059173
414090,491077.6056148079,-76987.60561480792
150158,180288.41610610738,-30130.416106107383
305516,296546.2965059098,8969.70349409018
332294,304468.7221455128,27825.277854487184
323156,272330.53336438036,50825.46663561964
91884,106743.97571596339,-14859.975715963388
215288,190673.2385725627,24614.761427437305
164279,175474.09443035346,-11195.094430353463
408902,307234.42799259163,101667.57200740837
245436,251312.753999524,-5876.753999523993
135020,117921.61616585775,17098.383834142252
239039,231690.3938844922,7348.606115507806
154800,130278.11983017292,24521.880169827084
241337,255454.65368734312,-14117.653687343118
122729,146039.75154481834,-23310.75154481834
233329,202499.92857177026,30829.07142822974
149244,124899.3947937442,24344.6052062558
69523,59570.882286082204,9952.117713917796
108716,132352.7867037176,-23636.786703717604
161647,183599.03158093026,-21952.031580930256
269797,332021.11400725413,-62224.11400725413
243614,291521.00146643433,-47907.00146643433
256081,239041.4817908487,17039.518209151312
60399,62265.67074450298,-1866.6707445029824
244517,259348.81085016666,-14831.810850166657
128295,118193.36094967306,10101.639050326936
619476,549867.3195298464,69608.68047015357
135047,129292.44589957054,5754.554100429465
154227,149359.51421518624,4867.485784813762
370852,350993.4168233248,19858.583176675194
239431,249535.25044494082,-10104.250444940815
169842,220550.73902201746,-50708.73902201746
228069,183078.75609122045,44990.24390877955
356555,385026.3332797494,-28471.33327974938
65553,75096.8143862808,-9543.814386280807
200142,245363.3758539792,-45221.3758539792
273040,314501.49686226307,-41461.49686226307
132973,128467.31469373297,4505.685306267027
777655,645583.3671405063,132071.63285949372
162166,120444.00711722,41721.99288278
437906,352317.5502022618,85588.44979773823
294346,299840.59178308886,-5494.591783088865
157310,164677.72153770897,-7367.721537708974
92263,113895.5106369175,-21632.510636917505
184484,170527.58232908536,13956.417670914641
72525,75747.00698295793,-3222.0069829579297
487856,430679.14621115907,57176.853788840934
188368,200356.68763888514,-11988.687638885138
159789,158199.40468820304,1589.595311796962
275666,201870.97539201836,73795.02460798164
58934,56560.657167986654,2373.342832013346
501798,432445.41779013345,69352.58220986655
955222,1098112.3149699208,-142890.3149699208
336237,324582.5140613093,11654.48593869072
434972,538681.4259407386,-103709.42594073864
323192,422900.3968745636,-99708.3968745636
180402,183189.10637691434,-2787.1063769143366
324484,302133.82482912997,22350.175170870032
221323,225578.36258347632,-4255.3625834763225
64239,69078.11300445964,-4839.113004459636
510998,525039.4297585164,-14041.429758516373
132943,182533.33121424034,-49590.331214240345
345160,276008.827042371,69151.17295762902
179413,170422.45965768903,8990.540342310967
149641,167792.46230075747,-18151.46230075747
665071,459604.9823213128,205466.01767868717
79820,82123.67552431083,-2303.6755243108346
321551,284526.89577202714,37024.10422797286
83044,85274.87961783781,-2230.8796178378107
277840,336603.9879071271,-58763.98790712713
169949,197413.27627834724,-27464.276278347243
368699,306594.78442060185,62104.21557939815
321294,371689.7317708056,-50395.73177080561
118618,119034.11286730487,-416.1128673048661
240950,233460.81555876948,7489.184441230522
204578,246139.8883603017,-41561.8883603017
442371,465353.2287269014,-22982.228726901405
119942,117196.80825777365,2745.1917422263505
330011,258300.93900080986,71710.06099919014
129675,103933.69951459812,25741.30048540188
106757,112929.64577988104,-6172.645779881044
358932,345494.72347288544,13437.276527114562
124000,107492.73888677258,16507.261113227418
628146,533035.0527013142,95110.94729868579
169817,179052.76627084392,-9235.766270843917
252889,257616.81741206214,-4727.817412062141
146825,132653.99432021563,14171.005679784372
373840,321693.64328309015,52146.35671690985
201048,209255.69910664725,-8207.699106647255
101066,101197.52715172718,-131.5271517271758
208536,215919.6723245884,-7383.672324588406
321160,317835.64171779813,3324.358282201865
202033,171771.57932782947,30261.420672170527
370834,352569.66036496474,18264.339635035256
147529,135013.7225378933,12515.277462106693
82311,101394.97751315172,-19083.977513151724
244560,168111.7234545816,76448.2765454184
212092,234393.20846641922,-22301.208466419223
192182,178047.570053708,14134.429946291988
226599,243477.0851220573,-16878.085122057295
1066968,1002775.6264479086,64192.37355209142
95745,105263.83595774107,-9518.835957741074
425080,395138.21950858197,29941.78049141803
496156,510996.87434937793,-14840.874349377933
113199,121332.78754505872,-8133.787545058716
284252,233856.9072780427,50395.092721957306
160795,147527.47606284497,13267.523937155027
123979,115401.50144822738,8577.498551772616
230357,233139.43910049385,-2782.4391004938516
274725,233641.53527931237,41083.464720687625
119593,119513.7960246195,79.2039753805002
273118,294967.6664151568,-21849.666415156797
334655,328878.9094832275,5776.090516772529
207536,242910.42467910354,-35374.42467910354
145470,154175.40997710894,-8705.409977108939
71491,65652.15427076246,5838.845729237539
539851,598741.9098113521,-58890.90981135215
595801,639679.8182938687,-43878.81829386868
289688,263656.4886042684,26031.51139573159
838838,814870.6707740295,23967.32922597055
1176265,881672.7218517886,294592.2781482114
254073,283593.9780364165,-29520.97803641652
98248,107345.18481599452,-9097.184815994522
227089,237960.98634958576,-10871.986349585757
195422,194914.46685870286,507.5331412971427
63148,67637.66495469217,-4489.664954692169
341099,274402.08877663943,66696.91122336057
155172,157424.99044114968,-2252.9904411496827
206399,198714.31166495112,7684.688335048879
271221,248912.228387621,22308.771612379
158748,138617.49847788212,20130.501522117876
202803,234883.16731092386,-32080.16731092386
265157,303439.8889400129,-38282.8889400129
64022,56630.77790920133,7391.22209079867
59370,63573.47948009472,-4203.47948009472
406808,444010.4124000539,-37202.41240005387
311247,309468.1933321041,1778.8066678958712
305753,269491.47573618946,36261.52426381054
526698,653125.2999652699,-126427.29996526986
81049,74135.20485712934,6913.795142870658
154091,129915.66951474146,24175.330485258542
134816,154745.9638119931,-19929.963811993104
155419,168862.789729053,-13443.789729053009
142692,172950.11477193653,-30258.114771936525
64608,65928.80420498057,-1320.8042049805663
211905,176953.35475151907,34951.64524848093
246679,280499.4687828848,-33820.468782884825
200875,174401.59132663542,26473.40867336458
251574,266573.26617919,-14999.266179190017
232075,230958.53719255526,1116.4628074447392
219637,248017.6158226415,-28380.6158226415
120238,101395.82288905857,18842.177110941426
77577,77832.5324350028,-255.53243500279495
123514,147881.632757862,-24367.63275786201
197414,177821.70386712172,19592.296132878284
90101,86290.8192581417,3810.180741858305
434561,500071.9377903258,-65510.937790325785
153085,169602.3584969104,-16517.358496910398
349072,305293.53276628646,43778.46723371354
162292,148450.68346812218,13841.31653187782
92743,90856.94931706514,1886.0506829348597
139652,122349.10489487382,17302.895105126183
212631,214833.65405511454,-2202.6540551145445
719124,695047.912127484,24076.087872516015
291462,236246.90296192555,55215.097038074455
159743,143841.6913097565,15901.308690243488
428117,333547.87037626404,94569.12962373596
348166,413856.5475860477,-65690.54758604767
237932,216371.81396167653,21560.186038323474
79817,90660.78799223612,-10843.787992236117
133394,157778.7857509572,-24384.785750957206
149557,151858.9210129037,-2301.921012903709
134628,128540.51287904686,6087.487120953141
77940,72235.31255221658,5704.687447783421
193372,188662.29792058654,4709.702079413459
149979,121227.10381316085,28751.89618683915
363464,471328.972073394,-107864.97207339399
269014,246087.76167440097,22926.238325599028
168586,190772.64642024186,-22186.646420241857
208220,179925.16040143362,28294.83959856638
185277,169653.33936814824,15623.660631851759
260021,258212.5286361142,1808.4713638857938
185702,181203.8083627027,4498.191637297306
899691,654416.0915604129,245274.9084395871
139996,129341.45242103472,10654.547578965285
291218,330600.9069071081,-39382.90690710809
194768,193615.6257389924,1152.374261007586
1179356,941245.903949291,238110.09605070902
302515,290412.4657449845,12102.53425501549
829560,689618.6213665053,139941.37863349472
685235,866464.5119220285,-181229.5119220285
108061,97705.12759769184,10355.87240230816
252038,278777.0532684886,-26739.053268488613
176135,213716.97284772768,-37581.97284772768
133049,138975.5733345534,-5926.573334553395
417553,461800.99785638234,-44247.99785638234
229540,229273.6056441066,266.394355893397
252785,283593.9780364165,-30808.97803641652
174256,228052.9123632162,-53796.91236321619
204049,210926.84796882496,-6877.8479688249645
176931,138105.5635803766,38825.43641962341
297005,252795.0683841776,44209.931615822396
394520,416361.66365198063,-21841.663651980634
525560,383431.3590110132,142128.64098898682
74995,80261.79782026698,-5266.7978202669765
337485,329151.03436722356,8333.965632776439
254792,230338.39864122623,24453.60135877377
76233,83233.38483821267,-7000.384838212674
150888,179607.18244805714,-28719.182448057138
207200,193184.17330418606,14015.826695813943
94436,106265.07779771018,-11829.077797710182
89615,90336.88864250304,-721.888642503036
401459,399250.9900473097,2208.0099526902777
112347,126575.15913144733,-14228.159131447333
158145,161160.85646755793,-3015.8564675579255
244430,242466.75233519878,1963.2476648012234
448328,411820.28979482566,36507.71020517434
257105,259794.19222595356,-2689.192225953564
350665,404769.16136925854,-54104.16136925854
329093,320590.47510042816,8502.524899571843
78824,83651.88683614909,-4827.8868361490895
487324,509477.9977434449,-22153.997743444925
94628,109028.36772620038,-14400.367726200377
296881,278525.9120851462,18355.087914853822
128934,111023.42379207049,17910.57620792951
75392,83982.82793154073,-8590.827931540727
71893,66239.57002803635,5653.429971963647
102758,87406.80032062797,15351.199679372032
261620,320355.9275778477,-58735.92757784767
229503,287475.3875231921,-57972.3875231921
154185,179633.89202831284,-25448.89202831284
302695,286326.81026047916,16368.189739520836
147626,181833.50737725335,-34207.50737725335
317069,313450.7468050835,3618.2531949165277
283598,208674.4761511135,74923.52384888651
242052,204824.9988919415,37227.001108058495
141586,157195.13109414378,-15609.131094143784
115310,133701.8306569292,-18391.830656929204
364486,395581.74432876485,-31095.74432876485
128697,127745.16225297384,951.8377470261621
320579,303293.8987125381,17285.101287461875
335118,271490.36377768795,63627.63622231205
451725,358215.98785298044,93509.01214701956
268842,226047.0845908759,42794.91540912411
273214,327261.6349733776,-54047.63497337757
205093,198868.65991585038,6224.340084149619
376625,324652.0051740466,51972.994825953385
122108,138018.69435923838,-15910.694359238376
347362,346912.8272588051,449.17274119489593
83544,93388.38215314125,-9844.382153141254
472484,420661.8550710831,51822.14492891688
113873,100691.15103278133,13181.84896721867
356900,267098.66076635924,89801.33923364076
243005,258616.71191810176,-15611.711918101762
113737,120320.62464648565,-6583.624646485652
165267,146532.92466520585,18734.07533479415
377616,374953.4218959383,2662.578104061715
525597,414111.65003150026,111485.34996849974
236461,283425.79347291955,-46964.793472919555
694803,463599.4123191719,231203.58768082812
81779,88043.57695633086,-6264.576956330857
114244,125322.21010901629,-11078.21010901629
127593,122135.07159053066,5457.928409469343
312208,361098.3675556933,-48890.367555693316
391537,408260.2246758151,-16723.224675815087
534570,561329.6864437541,-26759.686443754123
354533,370424.3774667844,-15891.377466784383
165323,167674.74690428542,-2351.746904285421
172528,165075.81533635219,7452.184663647815
160600,139841.12724805344,20758.87275194656
218930,228954.13079170685,-10024.130791706848
96030,81825.72133545703,14204.278664542973
189832,187002.02999091585,2829.9700090841507
344448,426856.79435975465,-82408.79435975465
123772,128852.29244005273,-5080.292440052726
98120,99339.61138848757,-1219.6113884875667
116370,129096.09128206127,-12726.091282061272
521403,489209.7489135107,32193.251086489297
302863,372801.6091222146,-69938.6091222146
253346,292625.1149248513,-39279.11492485128
555002,442349.24119648826,112652.75880351174
230377,227348.8642539348,3028.135746065207
205096,227674.08815977792,-22578.088159777923
131461,150116.77700102417,-18655.777001024166
286101,236015.11984658346,50085.88015341654
455020,589490.7821583928,-134470.78215839283
179232,203002.52770251787,-23770.527702517866
230034,246516.69184919962,-16482.69184919962
312698,384977.8579553615,-72279.85795536148
299136,317045.0214765549,-17909.021476554917
435333,510025.21961084876,-74692.21961084876
360445,281578.60190257145,78866.39809742855
178996,187359.4764687184,-8363.476468718407
80682,95806.90326262453,-15124.903262624532
338559,343355.1818075126,-4796.181807512592
368842,377801.24867520924,-8959.248675209237
131582,130578.56968616848,1003.4303138315154
224124,179394.46381502962,44729.53618497038
139149,123064.0361058672,16084.963894132801
519932,370955.57729038177,148976.42270961823
551512,694421.8660333796,-142909.86603337957
120874,115080.84671607675,5793.153283923253
719530,851014.266960154,-131484.26696015405
309807,370673.04703978286,-60866.04703978286
140404,102594.00812405613,37809.99187594387
233029,198629.17867595193,34399.82132404807
80329,70836.67657657537,9492.323423424634
75546,66778.83235138458,8767.167648615417
210823,212319.11026448643,-1496.1102644864295
268133,293663.0601226887,-25530.06012268871
141415,158557.19948088194,-17142.199480881944
171936,162173.40383521636,9762.596164783638
194771,173681.91517759702,21089.084822402976
798925,808147.0013096541,-9222.001309654093
221528,260468.18310687557,-38940.18310687557
133062,108326.1012686637,24735.898731336303
168567,165091.6122592185,3475.3877407815016
211699,231070.70339457798,-19371.703394577984
160760,185026.07717234682,-24266.07717234682
201763,235081.58211069385,-33318.58211069385
342632,305636.1682699624,36995.83173003758
936928,754280.5427241329,182647.4572758671
116393,130395.19349243716,-14002.19349243716
911070,576048.8089492781,335021.1910507219
209927,215178.31038646473,-5251.310386464727
179566,205064.84866740293,-25498.848667402926
106491,110271.5215195205,-3780.5215195204946
191706,211191.646480889,-19485.646480889
211734,231294.96737650796,-19560.967376507964
411805,334514.46645950445,77290.53354049555
372749,435121.70469842764,-62372.70469842764
122107,131898.8499792169,-9791.849979216902
81139,69015.2686211954,12123.731378804601
410147,593546.4353884237,-183399.43538842374
365482,368235.53982125333,-2753.539821253333
795004,507768.2863811454,287235.7136188546
281428,269667.41819204844,11760.58180795156
329742,395010.98043519387,-65268.980435193866
263884,253774.53192910075,10109.468070899253
224084,285914.92314853973,-61830.92314853973
262566,281491.35570365126,-18925.355703651265
382214,321478.50369624776,60735.49630375224
939099,557385.7636890606,381713.2363109394
109167,116052.30874471641,-6885.308744716414
186004,200889.83546204027,-14885.835462040268
49312,52503.99167304915,-3191.991673049153
391722,353989.59129976924,37732.408700230764
73014,77262.10130696841,-4248.101306968412
171742,167543.36709241843,4198.632907581574
129172,146861.0301141853,-17689.030114185298
269933,304459.7666967583,-34526.76669675828
314735,273178.98400663637,41556.01599336363
353664,391016.19030023325,-37352.190300233255
639414,622866.3622183191,16547.63778168091
337518,317405.74694123183,20112.25305876817
430018,373959.4916791581,56058.50832084188
278618,275637.0941841801,2980.9058158199186
151773,155799.24784295532,-4026.2478429553157
622850,806510.042234482,-183660.042234482
162007,147341.4791858213,14665.520814178686
372974,338205.6357108041,34768.36428919592
768007,842523.4746497441,-74516.47464974411
380395,469229.1046468235,-88834.10464682349
296450,226887.547747116,69562.45225288399
180578,185341.3433850162,-4763.343385016196
224916,212085.2755750209,12830.724424979097
143531,165539.61616850385,-22008.616168503853
132278,136785.62480403,-4507.624804029998
317424,361821.97314510995,-44397.97314510995
386599,381592.42007446,5006.57992554002
731977,668712.6558118132,63264.344188186806
210446,229010.56925845362,-18564.569258453615
110706,119999.70604463574,-9293.706044635735
123096,142752.0212327131,-19656.0212327131
424600,338374.61773023196,86225.38226976804
215441,254070.84929992948,-38629.84929992948
202060,233027.38615589726,-30967.386155897257
245030,218175.6598587886,26854.340141211404
67710,62027.944084351075,5682.055915648925
173616,181997.25095455325,-8381.250954553252
584820,570096.7699900687,14723.230009931256
263478,285418.81384237565,-21940.813842375646
1171899,948880.6065581798,223018.39344182017
474301,466700.27666632266,7600.723333677335
227486,233172.00532228075,-5686.005322280747
76894,83424.60687815142,-6530.606878151419
138730,166515.3184268421,-27785.318426842103
219565,237230.7142121556,-17665.71421215561
362105,283847.535398369,78257.46460163099
311453,310846.9825579222,606.0174420778058
228478,221701.73791472265,6776.262085277354
202100,180038.1860410553,22061.813958944695
69963,82369.95657118523,-12406.956571185234
965048,998862.9282612683,-33814.9282612683
142802,147856.667282119,-5054.667282118986
112380,110557.50409917727,1822.4959008227306
163663,197334.58882725448,-33671.58882725448
168989,180411.0856846044,-11422.08568460439
498958,563744.4440804067,-64786.44408040668
96008,100395.81947640862,-4387.819476408622
93633,94364.84541388902,-731.8454138890229
380613,417154.4151877906,-36541.41518779058
386647,471820.03397763433,-85173.03397763433
820931,580311.8763484972,240619.12365150277
127271,114269.30116145349,13001.698838546508
301981,273733.6728514043,28247.32714859571
153892,145558.14439283853,8333.855607161473
159712,161182.93100199604,-1470.9310019960394
288552,333352.79704372684,-44800.79704372684
278306,296622.4452368587,-18316.44523685868
86023,93054.95035930077,-7031.9503593007685
181337,193371.767658916,-12034.767658916011
270536,236154.3149883347,34381.68501166531
134051,144367.8824230571,-10316.882423057104
248158,262090.5538518527,-13932.553851852688
286507,365036.27610722795,-78529.27610722795
223182,193259.93145831156,29922.068541688437
59480,63518.55170365615,-4038.5517036561505
79220,89589.73715585136,-10369.737155851355
822980,678600.9753352854,144379.02466471458
451709,314496.85893848113,137212.14106151887
234587,220017.00334143266,14569.99665856734
256285,319326.318334416,-63041.31833441602
107354,102545.97287838091,4808.027121619089
125496,122083.87903656361,3412.1209634363913
77400,88838.34268761548,-11438.342687615484
281116,278241.3245417249,2874.6754582750727
584971,563611.6749616581,21359.32503834192
267892,232928.19209648483,34963.807903515175
179875,222455.79320557357,-42580.79320557357
128402,126584.94186170047,1817.0581382995297
285038,312794.27926445036,-27756.279264450364
485136,448311.8791664578,36824.1208335422
238504,230075.99768858764,8428.002311412361
440457,483919.9826409397,-43462.98264093971
150047,141847.76688073852,8199.23311926148
130167,114988.44595941836,15178.554040581643
290905,298557.5786702381,-7652.5786702380865
731189,601486.1530984518,129702.84690154821
147861,145878.16601541202,1982.8339845879818
150999,151630.52541405876,-631.525414058764
446482,278653.92841892794,167828.07158107206
197023,200459.52549322505,-3436.5254932250537
231162,224048.97230461746,7113.027695382538
294925,340253.9222416951,-45328.92224169511
234340,256294.9243552829,-21954.924355282914
382223,317999.5106057578,64223.48939424218
211846,186292.7251309722,25553.27486902781
306757,254157.8806444871,52599.1193555129
108676,117196.80825777365,-8520.80825777365
150842,146255.9913874778,4586.008612522186
51617,51601.41676260177,15.583237398226629
94749,82352.6075668972,12396.392433102796
673242,632066.3896467068,41175.61035329325
218273,186701.18997814032,31571.81002185968
188646,205107.21771854663,-16461.217718546628
508076,450194.0744742385,57881.9255257615
425867,366466.98443082516,59400.01556917484
476183,645725.0803838432,-169542.08038384316
105821,94678.744286225,11142.255713774997
350888,353246.29105325433,-2358.291053254332
145841,136155.9787041853,9685.021295814688
143642,155382.06507814967,-11740.065078149666
207076,196735.06701356475,10340.932986435248
425042,384055.3529133619,40986.647086638084
400980,331656.503521141,69323.49647885899
277364,282415.9823633812,-5051.98236338119
181149,205454.75279392183,-24305.752793921827
72848,79364.06660632759,-6516.066606327586
337022,276446.99802737165,60575.00197262835
456054,520820.0102248042,-64766.010224804224
224385,248006.09556091705,-23621.09556091705
139873,134424.86092574915,5448.139074250852
155076,149820.91086959426,5255.089130405744
240318,267462.6240365584,-27144.62403655838
309732,358864.909966953,-49132.90996695298
243275,228870.98160001056,14404.018399989436
134308,124211.26440305404,10096.73559694596
92864,87969.24737024255,4894.752629757451
507451,397466.6466602271,109984.3533397729
208408,222182.35287538954,-13774.352875389537
231611,223514.34310656664,8096.656893433363
440114,529823.8021933476,-89709.8021933476
175524,151211.12683508784,24312.873164912162
261626,346041.2512830291,-84415.2512830291
142590,170153.69438022398,-27563.694380223984
287901,267369.12093524286,20531.879064757144
264129,265651.6356512233,-1522.6356512233033
97595,110058.05285594799,-12463.052855947986
181529,198568.1491807509,-17039.149180750886
224147,279971.7117929515,-55824.71179295151
165332,209337.14465353763,-44005.14465353763
276148,320522.5303161803,-44374.53031618032
204287,237754.58873417234,-33467.58873417234
108758,122557.18707127021,-13799.187071270208
86183,77596.79711688371,8586.20288311629
121064,136242.3380297426,-15178.33802974259
106557,105086.48086368544,1470.5191363145568
143219,150775.29540711036,-7556.2954071103595
240015,226443.68054871916,13571.31945128084
121055,138220.28038947046,-17165.280389470456
474490,373553.83487639716,100936.16512360284
144777,153595.3129375857,-8818.312937585695
62521,73685.17258795167,-11164.172587951674
489004,470246.93651946075,18757.063480539247
331122,354498.5897955005,-23376.589795500506
329369,297720.22403167665,31648.775968323345
152271,125230.95088649122,27040.04911350878
614292,513125.7339077246,101166.26609227539
181516,131086.93555009048,50429.06444990952
115884,129814.94101546433,-13930.941015464326
177841,194426.42195513655,-16585.421955136553
630797,617101.0608455358,13695.93915446417
496807,414975.72474236536,81831.27525763464
201135,191783.8698685236,9351.130131476413
197402,198158.15058263493,-756.1505826349312
322685,266332.5117394068,56352.48826059321
92416,79005.77207592785,13410.227924072155
395170,474115.3167919868,-78945.31679198681
99695,92844.77452123826,6850.225478761742
34535,35985.58773275814,-1450.5877327581402
198434,209532.8922566575,-11098.892256657506
237644,254204.46287776096,-16560.46287776096
404666,351820.48281839414,52845.51718160586
55003,48746.478841477074,6256.521158522926
201614,192009.844319152,9604.155680847995
209247,251478.01849591525,-42231.018495915254
310785,387997.26206639054,-77212.26206639054
483479,596767.0574180167,-113288.05741801672
150323,141564.098090874,8758.901909125998
143842,127879.05034488162,15962.949655118384
317763,371180.35916572146,-53417.35916572146
359887,424966.547776301,-65079.547776300984
497804,605725.179377673,-107921.17937767296
116030,103575.63028062439,12454.369719375609
251521,270017.7220563048,-18496.722056304803
67041,72174.53665231139,-5133.536652311392
713768,755557.7592515047,-41789.75925150467
417579,329789.52485133463,87789.47514866537
433219,518228.2501560757,-85009.2501560757
470575,477839.8057220842,-7264.805722084187
252886,219286.90621771346,33599.09378228654
276731,275002.32086217107,1728.6791378289345
1147050,897615.020856382,249434.97914361802
441322,391524.84187405056,49797.15812594944
522871,687462.9966604998,-164591.99666049983
94209,94763.77390910155,-554.7739091015537
85382,93166.44403134614,-7784.444031346138
178175,209385.67120742772,-31210.671207427717
458109,537188.9526914987,-79079.95269149868
512446,481733.49630309094,30712.503696909058
166021,185209.72635634078,-19188.726356340776
408643,327879.34968901786,80763.65031098214
242520,202599.2271474834,39920.77285251659
482086,378456.6861166609,103629.31388333911
252953,258370.7747197473,-5417.774719747307
261924,293154.1882565436,-31230.188256543595
151475,147590.30473274796,3884.695267252042
244881,245099.48920175436,-218.4892017543607
204388,203435.45783773324,952.5421622667636
286938,387157.89994232036,-100219.89994232036
173586,201371.56335866087,-27785.563358660875
532265,504427.6899379988,27837.310062001226
181198,179582.63920540645,1615.360794593551
188741,223727.58342699052,-34986.58342699052
148662,137893.3774938493,10768.622506150714
159679,176549.76385846132,-16870.763858461316
291912,268073.01853417547,23838.98146582453
136865,126157.240523243,10707.759476756997
162835,153959.99687508235,8875.003124917654
224301,201367.06621261334,22933.93378738666
134071,94432.31570043709,39638.68429956291
639138,658042.6797581947,-18904.679758194718
335373,301852.5428933379,33520.4571066621
247520,223954.22398092874,23565.776019071258
86320,87893.25838911363,-1573.258389113631
467856,549352.5284922105,-81496.52849221055
232758,235654.22454100449,-2896.224541004485
206012,185071.72421608938,20940.27578391062
187075,186216.72430259577,858.2756974042277
252576,250218.64835954257,2357.351640457433
181186,219094.51030070212,-37908.510300702124
305126,325933.70570839645,-20807.705708396446
88771,73293.9524125746,15477.047587425404
268340,347218.0455423619,-78878.04554236191
441670,518879.75417967484,-77209.75417967484
165563,132540.98193420336,33022.01806579664
267334,310846.9825579222,-43512.982557922194
184715,165823.36874583297,18891.631254167034
122444,102346.17088428781,20097.829115712186
284401,254223.60763862284,30177.392361377162
424683,405913.45805893507,18769.541941064934
345335,388517.5804221313,-43182.58042213129
192015,226592.05187722357,-34577.05187722357
172628,173998.2988215582,-1370.2988215581863
324820,289724.7339561436,35095.26604385639
135159,162484.60450905902,-27325.60450905902
576279,636629.0986965474,-60350.098696547444
274843,257371.79711163585,17471.202888364147
240227,238122.60845463857,2104.391545361432
225855,181439.1200921656,44415.8799078344
484956,422242.9737868856,62713.02621311438
71573,78872.78101405161,-7299.7810140516085
212004,228136.54404168957,-16132.544041689573
227163,235997.05420242742,-8834.054202427418
157042,155318.60033263412,1723.399667365884
245456,251685.6416937425,-6229.641693742509
338937,293151.82450114173,45785.17549885827
312196,289844.76571258745,22351.234287412546
55512,64639.1117468037,-9127.111746803697
310262,313917.52934574074,-3655.529345740739
141604,139712.91557695178,1891.084423048218
71492,65484.73589067576,6007.264109324242
812498,666987.9891101207,145510.0108898793
120784,119568.28948953495,1215.7105104650545
326745,248092.89476675418,78652.10523324582
331269,337111.69163765135,-5842.6916376513545
116486,142471.8983206674,-25985.898320667387
351271,471300.3720786549,-120029.37207865488
362530,350651.04333166435,11878.956668335653
163844,149864.44595671634,13979.554043283657
70270,79315.8577088805,-9045.857708880503
315702,348281.5990625582,-32579.599062558205
202313,235394.4620946059,-33081.4620946059
293895,253753.08166149494,40141.91833850506
574080,596767.0574180167,-22687.057418016717
394403,419655.99392710405,-25252.99392710405
386160,429964.3070355079,-43804.307035507925
108781,117578.24897295027,-8797.24897295027
462924,599312.0551168191,-136388.0551168191
300058,274625.3088639611,25432.69113603892
447045,413805.10375510436,33239.896244895644
222336,198183.1086540724,24152.89134592761
102310,110528.63060493548,-8218.630604935475
261948,268073.09305825055,-6125.093058250553
163454,159124.7438917284,4329.256108271598
830646,816103.1567191232,14542.843280876754
99599,88064.21888620444,11534.781113795558
576873,586727.9781814159,-9854.978181415936
132681,126349.82996828812,6331.170031711881
113972,133587.37076876702,-19615.370768767025
188657,176072.57724437572,12584.422755624284
268855,325531.4536006482,-56676.45360064821
81001,99111.84081819163,-18110.84081819163
301872,284330.3309301113,17541.66906988871
105592,131337.25848772333,-25745.25848772333
186916,203778.42695573723,-16862.42695573723
343145,288746.7335769389,54398.26642306108
182543,201367.06621261334,-18824.06621261334
513616,635001.4155384554,-121385.41553845536
